"DESCRIPTION","DURATION IN MS","NAME","PARENT SUITE","START TIME","STATUS","STOP TIME","SUB SUITE","SUITE","TEST CLASS","TEST METHOD"
"
    Test Case TRAV-51 : Platita partial - OP

    Summary:
    Verifica incasarea pentru facturile platite partial si rezervarea anulata,
    fara bifa ""Anuleaza fara penalizare""
    ","126030","test_trav_51_platita_partial_op","tests.scripts.achita_rezervare.rezervari_anulate.fara_bifa_anuleaza_fara_penalizare","Tue Jul 28 09:11:16 EEST 2026","passed","Tue Jul 28 09:13:22 EEST 2026","","trav_51_platita_partial_op_test","",""
"","105091","test_reservation_and_pay_with_voucher","tests.scripts","Tue Jul 28 09:14:22 EEST 2026","passed","Tue Jul 28 09:16:07 EEST 2026","","reservation_and_pay_with_voucher_test","",""
"
    Test Case TRAV-52 : Platita partial - Tichete vacanta

    Summary:
    Verifica incasare pentru facturile platite partial si rezervarea anulata,
    fara bifa ""Anuleaza fara penalizare""
    ","76925","test_trav_52_cancel_reservation_with_penalty_voucher","tests.scripts","Tue Jul 28 09:18:04 EEST 2026","passed","Tue Jul 28 09:19:21 EEST 2026","","trav_52_cancel_reservation_with_penalty_voucher_test","",""
"","49839","test_quick_search_reservation_cancel_reservation_flow","tests.scripts","Tue Jul 28 09:13:26 EEST 2026","passed","Tue Jul 28 09:14:16 EEST 2026","","quick_search_reservation_cancel_reservation_flow_test","",""
"","91287","test_reservation_with_local_service_and_pay","tests.scripts","Tue Jul 28 09:16:12 EEST 2026","passed","Tue Jul 28 09:17:43 EEST 2026","","reservation_with_local_service_and_pay_test","",""
"","11400","test_trav_22_add_and_remove_rooms_from_cart","tests.scripts","Tue Jul 28 09:17:47 EEST 2026","broken","Tue Jul 28 09:17:59 EEST 2026","","trav_22_add_and_remove_rooms_from_cart_test","",""
